watermarker,attack,sample_idx,z_score,p_value,is_detected,perplexity,prompt_len,text_len
unigram,clean,0,7.045638767423834,9.230631110870817e-13,1,5.880402565002441,30,106
unigram,clean,1,11.737972567696689,4.0707391765124334e-32,1,17.275859832763672,30,167
unigram,clean,2,11.31370849898476,5.612148586491464e-30,1,21.330713272094727,30,141
unigram,clean,3,9.616652224137045,3.4004302826656326e-22,1,13.22237777709961,30,139
unigram,clean,4,9.475230867899736,1.3308572881882963e-21,1,8.711064338684082,30,123
unigram,clean,5,10.748023074035522,3.0272675902446236e-27,1,19.82567596435547,30,166
unigram,clean,6,11.455129855222069,1.1081542860328712e-30,1,16.58287239074707,30,162
unigram,clean,7,12.020815280171307,1.3811620356668856e-33,1,13.405752182006836,30,161
unigram,clean,8,5.897678246195885,1.8432597073164084e-09,1,210.15684509277344,30,35
unigram,clean,9,12.445079348883237,7.43682444622122e-36,1,1.9407051801681519,30,77
unigram,clean,10,10.889444430272832,6.47137003385855e-28,1,13.66423511505127,30,166
unigram,clean,11,10.323759005323593,2.7512868753459563e-25,1,10.817815780639648,30,154
unigram,clean,12,12.445079348883237,7.43682444622122e-36,1,13.267714500427246,30,163
unigram,clean,13,10.748023074035522,3.0272675902446236e-27,1,13.259113311767578,30,165
unigram,clean,14,11.879393923933998,7.573076763986536e-33,1,16.045854568481445,30,176
unigram,clean,15,5.735393346764043,4.864314812237414e-09,1,19.426481246948242,30,46
unigram,clean,16,11.030865786510141,1.3562056647183062e-28,1,16.25548553466797,30,167
unigram,clean,17,11.17228714274745,2.786359028476278e-29,1,10.460868835449219,30,152
unigram,clean,18,10.323759005323593,2.7512868753459563e-25,1,16.208703994750977,30,159
unigram,clean,19,10.323759005323593,2.7512868753459563e-25,1,12.867330551147461,30,156
unigram,clean,20,12.020815280171307,1.3811620356668856e-33,1,19.061532974243164,30,168
unigram,clean,21,10.323759005323593,2.7512868753459563e-25,1,14.225912094116211,30,172
unigram,clean,22,12.162236636408617,2.469384785387105e-34,1,6.576742649078369,30,150
unigram,clean,23,10.704106195625872,4.868285630574622e-27,1,14.125327110290527,30,160
unigram,clean,24,10.465180361560902,6.241928231766698e-26,1,16.945253372192383,30,149
unigram,clean,25,12.162236636408617,2.469384785387105e-34,1,16.491710662841797,30,137
unigram,clean,26,12.162236636408617,2.469384785387105e-34,1,13.407110214233398,30,160
unigram,clean,27,4.841386618546788,6.446811807420848e-07,1,-1.0,30,32
unigram,clean,28,13.576450198781712,2.761972299687433e-42,1,1.2724233865737915,30,197
unigram,clean,29,10.889444430272832,6.47137003385855e-28,1,9.942604064941406,30,157
unigram,clean,30,11.737972567696689,4.0707391765124334e-32,1,12.910006523132324,30,152
unigram,clean,31,12.547197328647545,2.0591494165672446e-36,1,14.221784591674805,30,162
unigram,clean,32,11.59655121145938,2.145106011381415e-31,1,13.90799617767334,30,159
unigram,clean,33,9.333456062030596,5.123690062809027e-21,1,2.094569683074951,30,94
unigram,clean,34,11.17228714274745,2.786359028476278e-29,1,16.735977172851562,30,149
unigram,clean,35,11.030865786510141,1.3562056647183062e-28,1,10.749768257141113,30,162
unigram,clean,36,11.17228714274745,2.786359028476278e-29,1,15.072059631347656,30,154
unigram,clean,37,11.59655121145938,2.145106011381415e-31,1,15.518539428710938,30,165
unigram,clean,38,9.475230867899736,1.3308572881882963e-21,1,2.0354726314544678,30,58
unigram,clean,39,12.586500705120546,1.2526787490169158e-36,1,7.9511518478393555,30,115
unigram,clean,40,11.030865786510141,1.3562056647183062e-28,1,18.864248275756836,30,155
unigram,clean,41,10.748023074035522,3.0272675902446236e-27,1,14.691206932067871,30,166
unigram,clean,42,10.748023074035522,3.0272675902446236e-27,1,7.1574482917785645,30,164
unigram,clean,43,13.25607853365588,2.0804577859877983e-40,1,1.465730905532837,30,71
unigram,clean,44,4.318004318006477,7.872317549081389e-06,1,9.694379806518555,30,41
unigram,clean,45,12.020815280171307,1.3811620356668856e-33,1,12.591208457946777,30,147
unigram,clean,46,11.31370849898476,5.612148586491464e-30,1,11.659746170043945,30,166
unigram,clean,47,10.845882436627539,1.0430645560607285e-27,1,19.775123596191406,30,153
unigram,clean,48,12.303657992645926,4.328161737706463e-35,1,17.49993896484375,30,160
unigram,clean,49,11.129434918630873,4.510276336076869e-29,1,14.12812614440918,30,155
unigram,clean,50,10.465180361560902,6.241928231766698e-26,1,15.107691764831543,30,139
unigram,clean,51,11.879393923933998,7.573076763986536e-33,1,14.88458251953125,30,144
unigram,clean,52,11.030865786510141,1.3562056647183062e-28,1,11.87097454071045,30,150
unigram,clean,53,11.455129855222069,1.1081542860328712e-30,1,12.075899124145508,30,151
unigram,clean,54,9.050966799187808,7.085401738342e-20,1,11.44880199432373,30,141
unigram,clean,55,10.889444430272832,6.47137003385855e-28,1,11.556190490722656,30,128
unigram,clean,56,12.020815280171307,1.3811620356668856e-33,1,13.677410125732422,30,176
unigram,clean,57,11.455129855222069,1.1081542860328712e-30,1,18.0146484375,30,159
unigram,clean,58,10.182337649086284,1.1888972831631503e-24,1,7.102107048034668,30,152
unigram,clean,59,11.17228714274745,2.786359028476278e-29,1,11.22762680053711,30,147
unigram,clean,60,11.17228714274745,2.786359028476278e-29,1,20.33736801147461,30,166
unigram,clean,61,13.539631015659216,4.562304664113604e-42,1,1.405218482017517,30,117
unigram,clean,62,12.020815280171307,1.3811620356668856e-33,1,23.078588485717773,30,136
unigram,clean,63,10.889444430272832,6.47137003385855e-28,1,10.893119812011719,30,149
unigram,clean,64,11.030865786510141,1.3562056647183062e-28,1,17.88770866394043,30,158
unigram,clean,65,11.31370849898476,5.612148586491464e-30,1,6.069155216217041,30,157
unigram,clean,66,6.892774827860417,2.7357223359316834e-12,1,4.2464447021484375,30,94
unigram,clean,67,10.889444430272832,6.47137003385855e-28,1,19.59738540649414,30,145
unigram,clean,68,10.889444430272832,6.47137003385855e-28,1,19.452022552490234,30,159
unigram,clean,69,11.030865786510141,1.3562056647183062e-28,1,19.958049774169922,30,159
unigram,clean,70,10.606601717798213,1.3883246930152643e-26,1,15.510475158691406,30,177
unigram,clean,71,7.035989954453833,9.892559619316565e-13,1,33.57304000854492,30,61
unigram,clean,72,12.303657992645926,4.328161737706463e-35,1,14.455987930297852,30,157
unigram,clean,73,10.606601717798213,1.3883246930152643e-26,1,19.115127563476562,30,159
unigram,clean,74,11.59655121145938,2.145106011381415e-31,1,14.699612617492676,30,171
unigram,clean,75,11.455129855222069,1.1081542860328712e-30,1,14.544489860534668,30,146
unigram,clean,76,12.020815280171307,1.3811620356668856e-33,1,9.516484260559082,30,167
unigram,clean,77,10.748023074035522,3.0272675902446236e-27,1,14.82552433013916,30,158
unigram,clean,78,5.887840577551898,1.9563713485999984e-09,1,30.493553161621094,30,51
unigram,clean,79,11.17228714274745,2.786359028476278e-29,1,24.678674697875977,30,153
unigram,clean,80,10.323759005323593,2.7512868753459563e-25,1,18.70029067993164,30,163
unigram,clean,81,9.616652224137045,3.4004302826656326e-22,1,6.576627254486084,30,156
unigram,clean,82,10.323759005323593,2.7512868753459563e-25,1,13.056474685668945,30,161
unigram,clean,83,12.869343417595164,3.348450213994322e-38,1,17.828569412231445,30,173
unigram,clean,84,12.445079348883237,7.43682444622122e-36,1,13.289467811584473,30,171
unigram,clean,85,11.879393923933998,7.573076763986536e-33,1,7.9491353034973145,30,159
unigram,clean,86,10.323759005323593,2.7512868753459563e-25,1,6.151610851287842,30,137
unigram,clean,87,10.889444430272832,6.47137003385855e-28,1,13.783190727233887,30,137
unigram,clean,88,11.59655121145938,2.145106011381415e-31,1,6.902989864349365,30,149
unigram,clean,89,10.086442306777956,3.1713379655650493e-24,1,20.427391052246094,30,145
unigram,clean,90,12.445079348883237,7.43682444622122e-36,1,16.405548095703125,30,165
unigram,clean,91,12.303657992645926,4.328161737706463e-35,1,12.537075996398926,30,170
unigram,clean,92,11.030865786510141,1.3562056647183062e-28,1,12.400188446044922,30,162
unigram,clean,93,12.303657992645926,4.328161737706463e-35,1,14.2252197265625,30,161
unigram,clean,94,11.879393923933998,7.573076763986536e-33,1,13.693622589111328,30,156
unigram,clean,95,11.030865786510141,1.3562056647183062e-28,1,18.189918518066406,30,168
unigram,clean,96,11.31370849898476,5.612148586491464e-30,1,16.36659049987793,30,159
unigram,clean,97,13.85929291125633,5.588492095285602e-44,1,-1.0,30,15
unigram,clean,98,11.17228714274745,2.786359028476278e-29,1,7.896268367767334,30,173
unigram,clean,99,11.043292748125996,1.1810753402592472e-28,1,12.388357162475586,24,150
unigram,clean,100,8.378544026261364,2.6793219216799288e-17,1,8.436492919921875,30,157
unigram,clean,101,10.323759005323593,2.7512868753459563e-25,1,11.77920913696289,30,167
unigram,clean,102,11.879393923933998,7.573076763986536e-33,1,20.762664794921875,30,152
unigram,clean,103,12.020815280171307,1.3811620356668856e-33,1,20.156463623046875,30,165
unigram,clean,104,10.748023074035522,3.0272675902446236e-27,1,22.215017318725586,30,173
unigram,clean,105,7.41041737787324,6.295127002757798e-14,1,82.37120056152344,18,35
unigram,clean,106,9.576286501452154,5.029848989113623e-22,1,16.366193771362305,30,144
unigram,clean,107,10.040916292848975,5.0367012604291404e-24,1,14.184937477111816,30,154
unigram,clean,108,10.465180361560902,6.241928231766698e-26,1,14.162293434143066,30,162
unigram,clean,109,11.31370849898476,5.612148586491464e-30,1,13.490599632263184,30,168
unigram,clean,110,11.879393923933998,7.573076763986536e-33,1,10.985318183898926,30,131
unigram,clean,111,9.333809511662427,5.106625839287897e-21,1,12.144092559814453,30,167
unigram,clean,112,4.718142596956708,1.1900382528719458e-06,1,38.08369445800781,30,38
unigram,clean,113,10.040916292848975,5.0367012604291404e-24,1,13.193107604980469,30,164
unigram,clean,114,11.59655121145938,2.145106011381415e-31,1,10.712566375732422,30,143
unigram,clean,115,12.162236636408617,2.469384785387105e-34,1,13.031061172485352,30,160
unigram,clean,116,11.17228714274745,2.786359028476278e-29,1,10.419750213623047,30,160
unigram,clean,117,12.303657992645926,4.328161737706463e-35,1,18.801328659057617,30,132
unigram,clean,118,11.455129855222069,1.1081542860328712e-30,1,15.234367370605469,30,151
unigram,clean,119,11.59655121145938,2.145106011381415e-31,1,11.934061050415039,30,164
unigram,clean,120,5.333493587335964,4.8170483536146576e-08,1,3.7152655124664307,30,44
unigram,clean,121,10.182337649086284,1.1888972831631503e-24,1,7.3364410400390625,30,157
unigram,clean,122,9.758073580374356,8.518020964828397e-23,1,12.744399070739746,30,149
unigram,clean,123,9.899494936611665,2.0919128038896777e-23,1,12.441425323486328,30,165
unigram,clean,124,9.475230867899736,1.3308572881882963e-21,1,14.623259544372559,30,167
unigram,clean,125,10.040916292848975,5.0367012604291404e-24,1,14.688433647155762,30,156
unigram,clean,126,9.333809511662427,5.106625839287897e-21,1,9.415877342224121,30,150
unigram,clean,127,10.987658677629206,2.1907229833189605e-28,1,13.222912788391113,30,154
unigram,clean,128,5.439200829200679,2.6760049370426614e-08,1,3.8181467056274414,30,71
unigram,clean,129,10.465180361560902,6.241928231766698e-26,1,13.503924369812012,30,161
unigram,clean,130,10.889444430272832,6.47137003385855e-28,1,12.822465896606445,30,165
unigram,clean,131,9.853448749615868,3.311575046394887e-23,1,11.188043594360352,30,140
unigram,clean,132,12.303657992645926,4.328161737706463e-35,1,13.19831371307373,30,171
unigram,clean,133,10.889444430272832,6.47137003385855e-28,1,24.3000431060791,30,158
unigram,clean,134,8.48528137423857,1.0759868356249456e-17,1,10.263754844665527,30,148
unigram,clean,135,6.505382386916237,3.874799798720929e-11,1,3.9019362926483154,30,100
unigram,clean,136,12.586500705120546,1.2526787490169158e-36,1,1.1342588663101196,30,74
unigram,clean,137,11.17228714274745,2.786359028476278e-29,1,13.692780494689941,30,166
unigram,clean,138,11.31370849898476,5.612148586491464e-30,1,17.848472595214844,30,142
unigram,clean,139,10.889444430272832,6.47137003385855e-28,1,13.944037437438965,30,145
unigram,clean,140,11.737972567696689,4.0707391765124334e-32,1,14.617090225219727,30,153
unigram,clean,141,9.391485505499116,2.9579953284383685e-21,1,8.27852725982666,30,128
unigram,clean,142,2.5298221281347035,0.005706018193000826,0,-1.0,28,7
unigram,clean,143,13.010764773832474,5.3136577977024474e-39,1,6.145273685455322,30,134
unigram,clean,144,10.465180361560902,6.241928231766698e-26,1,16.09539222717285,30,159
unigram,clean,145,10.748023074035522,3.0272675902446236e-27,1,18.12424659729004,30,144
unigram,clean,146,9.899494936611665,2.0919128038896777e-23,1,12.598931312561035,30,145
unigram,clean,147,11.31370849898476,5.612148586491464e-30,1,13.503690719604492,30,164
unigram,clean,148,11.455129855222069,1.1081542860328712e-30,1,11.849729537963867,30,161
unigram,clean,149,14.14213562373095,1.0442437918812723e-45,1,1.990607738494873,30,146
unigram,clean,150,11.737972567696689,4.0707391765124334e-32,1,11.361488342285156,30,136
unigram,clean,151,9.144567544607533,2.9934458327020367e-20,1,9.183785438537598,30,147
unigram,clean,152,11.879393923933998,7.573076763986536e-33,1,11.291007995605469,30,151
unigram,clean,153,8.337304018558537,3.800173576643401e-17,1,9.375317573547363,30,109
unigram,clean,154,9.616652224137045,3.4004302826656326e-22,1,11.861143112182617,30,158
unigram,clean,155,10.606601717798213,1.3883246930152643e-26,1,11.276449203491211,30,154
unigram,clean,156,5.357061993998872,4.229305200450835e-08,1,362.02166748046875,30,42
unigram,clean,157,10.748023074035522,3.0272675902446236e-27,1,13.308405876159668,30,163
unigram,clean,158,10.889444430272832,6.47137003385855e-28,1,11.81769847869873,30,161
unigram,clean,159,10.040916292848975,5.0367012604291404e-24,1,9.113856315612793,30,158
unigram,clean,160,11.31370849898476,5.612148586491464e-30,1,13.203696250915527,30,164
unigram,clean,161,10.465180361560902,6.241928231766698e-26,1,10.87826156616211,30,157
unigram,clean,162,10.465180361560902,6.241928231766698e-26,1,15.80248737335205,30,167
unigram,clean,163,11.31370849898476,5.612148586491464e-30,1,19.986291885375977,30,160
unigram,clean,164,10.606601717798213,1.3883246930152643e-26,1,17.50108528137207,30,150
unigram,clean,165,10.748023074035522,3.0272675902446236e-27,1,13.528680801391602,30,171
unigram,clean,166,12.445079348883237,7.43682444622122e-36,1,10.480887413024902,30,153
unigram,clean,167,11.654972494106705,1.0822515472409066e-31,1,15.602025985717773,30,159
unigram,clean,168,9.899494936611665,2.0919128038896777e-23,1,11.844913482666016,30,171
unigram,clean,169,10.040916292848975,5.0367012604291404e-24,1,7.073807239532471,30,163
unigram,clean,170,11.654972494106705,1.0822515472409066e-31,1,17.37755012512207,30,164
unigram,clean,171,10.323759005323593,2.7512868753459563e-25,1,18.928556442260742,30,163
unigram,clean,172,11.455129855222069,1.1081542860328712e-30,1,12.82199478149414,30,178
unigram,clean,173,12.303657992645926,4.328161737706463e-35,1,20.054000854492188,30,156
unigram,clean,174,13.152186130069783,8.266220920150707e-40,1,5.887094020843506,30,175
unigram,clean,175,12.869343417595164,3.348450213994322e-38,1,12.702560424804688,30,165
unigram,clean,176,11.879393923933998,7.573076763986536e-33,1,4.376070022583008,30,167
unigram,clean,177,10.889444430272832,6.47137003385855e-28,1,10.774428367614746,30,164
unigram,clean,178,9.853448749615868,3.311575046394887e-23,1,7.456195831298828,30,132
unigram,clean,179,11.879393923933998,7.573076763986536e-33,1,5.000805854797363,30,148
unigram,clean,180,11.455129855222069,1.1081542860328712e-30,1,13.246284484863281,30,172
unigram,clean,181,9.758073580374356,8.518020964828397e-23,1,9.788477897644043,30,145
unigram,clean,182,8.131727983645296,2.1160683087128692e-16,1,10.14034652709961,30,101
unigram,clean,183,9.333809511662427,5.106625839287897e-21,1,16.00467300415039,30,153
unigram,clean,184,12.830749810650879,5.514579077309698e-38,1,16.822298049926758,30,172
unigram,clean,185,10.606601717798213,1.3883246930152643e-26,1,12.560107231140137,30,159
unigram,clean,186,11.31370849898476,5.612148586491464e-30,1,14.230840682983398,19,148
unigram,clean,187,10.182337649086284,1.1888972831631503e-24,1,13.25438117980957,30,163
unigram,clean,188,10.889444430272832,6.47137003385855e-28,1,14.939159393310547,30,165
unigram,clean,189,10.944303439588003,3.5379758783223405e-28,1,8.101263046264648,30,106
unigram,clean,190,10.562329954624204,2.2273263137785582e-26,1,9.920058250427246,30,162
unigram,clean,191,7.353910524340094,9.624530549986154e-14,1,6.199294567108154,30,170
unigram,clean,192,11.59655121145938,2.145106011381415e-31,1,11.992701530456543,30,161
unigram,clean,193,13.576450198781712,2.761972299687433e-42,1,4.214632987976074,30,108
unigram,clean,194,11.455129855222069,1.1081542860328712e-30,1,11.777647972106934,30,162
unigram,clean,195,10.889444430272832,6.47137003385855e-28,1,10.655259132385254,30,155
unigram,clean,196,11.455129855222069,1.1081542860328712e-30,1,11.96635627746582,30,161
unigram,clean,197,12.162236636408617,2.469384785387105e-34,1,21.01909637451172,30,173
unigram,clean,198,9.475230867899736,1.3308572881882963e-21,1,14.934661865234375,30,161
unigram,clean,199,11.737972567696689,4.0707391765124334e-32,1,18.691659927368164,30,115
unigram,synonym_30,0,5.801925340982738,3.277887631452969e-09,1,-1,30,112
unigram,synonym_30,1,9.479721318639582,1.2748153907388528e-21,1,-1,30,169
unigram,synonym_30,2,9.428207099385912,2.0857913058214538e-21,1,-1,30,146
unigram,synonym_30,3,7.142857142857143,4.570530827193354e-13,1,-1,30,141
unigram,synonym_30,4,8.03167811874588,4.807417718446752e-16,1,-1,30,127
unigram,synonym_30,5,10.306545511604511,3.291249687146468e-25,1,-1,30,172
unigram,synonym_30,6,9.21561727774948,1.5474619254543965e-20,1,-1,30,178
unigram,synonym_30,7,10.3863167695226,1.4309623580520125e-25,1,-1,30,176
unigram,synonym_30,8,4.727455680310745,1.136753331580802e-06,1,-1,30,36
unigram,synonym_30,9,5.487954724560282,2.033071228299408e-08,1,-1,30,79
unigram,synonym_30,10,9.30016599623919,7.011329344377166e-21,1,-1,30,175
unigram,synonym_30,11,8.153745646947627,1.7641126336485376e-16,1,-1,30,168
unigram,synonym_30,12,11.731114508820022,4.414422524048403e-32,1,-1,30,170
unigram,synonym_30,13,8.773280079294956,8.676784362613286e-19,1,-1,30,169
unigram,synonym_30,14,8.467669207104626,1.251760448571094e-17,1,-1,30,184
unigram,synonym_30,15,3.2504180333157686,0.0005761774086596985,0,-1,30,47
unigram,synonym_30,16,7.919641451525487,1.1909822395458237e-15,1,-1,30,176
unigram,synonym_30,17,9.477047693754143,1.3078952178238249e-21,1,-1,30,155
unigram,synonym_30,18,8.16496580927726,1.60763136369355e-16,1,-1,30,172
unigram,synonym_30,19,9.754262200082648,8.844106937092903e-23,1,-1,30,160
unigram,synonym_30,20,11.44265145411978,1.27971010116012e-30,1,-1,30,180
unigram,synonym_30,21,8.832839159582134,5.102585745190756e-19,1,-1,30,178
unigram,synonym_30,22,10.142857142857142,1.7825836023267617e-24,1,-1,30,153
unigram,synonym_30,23,9.152553237716281,2.7801764625673297e-20,1,-1,30,165
unigram,synonym_30,24,9.381876562987665,3.2404412990637732e-21,1,-1,30,150
unigram,synonym_30,25,9.987553229504968,8.639709861790122e-24,1,-1,30,144
unigram,synonym_30,26,10.450995214374265,7.24978129031015e-26,1,-1,30,175
unigram,synonym_30,27,3.794733192202055,7.390115516722704e-05,0,-1,30,34
unigram,synonym_30,28,9.675062666817078,1.9242789748266778e-22,1,-1,30,210
unigram,synonym_30,29,9.568926608331969,5.401065451902849e-22,1,-1,30,163
unigram,synonym_30,30,10.685983525274546,5.919374017873308e-27,1,-1,30,163
unigram,synonym_30,31,9.987553229504968,8.639709861790122e-24,1,-1,30,168
unigram,synonym_30,32,9.476488154965223,1.3149249035932608e-21,1,-1,30,162
unigram,synonym_30,33,7.63488235478639,1.130133624418625e-14,1,-1,30,95
unigram,synonym_30,34,8.221449568641088,1.0052902471759302e-16,1,-1,30,159
unigram,synonym_30,35,8.410081366968681,2.0486319443838364e-17,1,-1,30,169
unigram,synonym_30,36,8.688100585711448,1.8427470698534987e-18,1,-1,30,163
unigram,synonym_30,37,10.209311776430223,9.006899076567516e-25,1,-1,30,175
unigram,synonym_30,38,9.23869770874312,1.247577371170742e-20,1,-1,30,58
unigram,synonym_30,39,9.66509914145434,2.1210448851584643e-22,1,-1,30,117
unigram,synonym_30,40,9.893608802940971,2.2186845825145968e-23,1,-1,30,164
unigram,synonym_30,41,8.016707904982121,5.430850226047702e-16,1,-1,30,175
unigram,synonym_30,42,8.661328111275013,2.3314962156225644e-18,1,-1,30,170
unigram,synonym_30,43,8.252415537569858,7.761229991806706e-17,1,-1,30,72
unigram,synonym_30,44,4.106050306901635,2.0124093119488915e-05,1,-1,30,41
unigram,synonym_30,45,9.893608802940971,2.2186845825145968e-23,1,-1,30,153
unigram,synonym_30,46,8.290783388913134,5.625250276126125e-17,1,-1,30,180
unigram,synonym_30,47,9.009750815427559,1.0326260634739084e-19,1,-1,30,162
unigram,synonym_30,48,11.398280224630728,2.1323006366745477e-30,1,-1,30,163
unigram,synonym_30,49,9.034278157007444,8.254418347937248e-20,1,-1,30,167
unigram,synonym_30,50,9.105129413825598,4.3081825258013835e-20,1,-1,30,143
unigram,synonym_30,51,9.945373183606236,1.3209098381404346e-23,1,-1,30,148
unigram,synonym_30,52,8.171634460504064,1.521195834612231e-16,1,-1,30,156
unigram,synonym_30,53,9.141401281603622,3.082413042060703e-20,1,-1,30,157
unigram,synonym_30,54,7.488452649040593,3.484516009804443e-14,1,-1,30,149
unigram,synonym_30,55,9.754262200082648,8.844106937092903e-23,1,-1,30,135
unigram,synonym_30,56,10.642128638612874,9.487211617847682e-27,1,-1,30,181
unigram,synonym_30,57,9.291228286772588,7.62589720549215e-21,1,-1,30,169
unigram,synonym_30,58,8.352162635488797,3.351214316215269e-17,1,-1,30,155
unigram,synonym_30,59,8.957889321404197,1.654762224282948e-19,1,-1,30,153
unigram,synonym_30,60,9.753173940511653,8.939460800529373e-23,1,-1,30,171
unigram,synonym_30,61,6.226072209288895,2.3913684975960916e-10,1,-1,30,120
unigram,synonym_30,62,10.900798648150175,5.712501266862376e-28,1,-1,30,141
unigram,synonym_30,63,6.015556157817037,8.963506973580142e-10,1,-1,30,162
unigram,synonym_30,64,9.3227567330403,5.667802112419198e-21,1,-1,30,173
unigram,synonym_30,65,9.350151836548743,4.376099588383758e-21,1,-1,30,169
unigram,synonym_30,66,4.417706308963743,4.987691933799409e-06,1,-1,30,98
unigram,synonym_30,67,9.174198563499223,2.2747295507808412e-20,1,-1,30,151
unigram,synonym_30,68,9.203157784562165,1.7379098656075056e-20,1,-1,30,167
unigram,synonym_30,69,10.023824829883226,5.988797216153923e-24,1,-1,30,169
unigram,synonym_30,70,8.42782113087864,1.7608040390476413e-17,1,-1,30,184
unigram,synonym_30,71,6.253887679764573,2.0017949942510606e-10,1,-1,30,64
unigram,synonym_30,72,11.210809203204477,1.8043944659131878e-29,1,-1,30,163
unigram,synonym_30,73,9.05752918579103,6.671942214565941e-20,1,-1,30,166
unigram,synonym_30,74,9.21561727774948,1.5474619254543965e-20,1,-1,30,179
unigram,synonym_30,75,9.05752918579103,6.671942214565941e-20,1,-1,30,152
unigram,synonym_30,76,9.105129413825598,4.3081825258013835e-20,1,-1,30,177
unigram,synonym_30,77,7.942477529634929,9.909113324349043e-16,1,-1,30,166
unigram,synonym_30,78,4.649905549752772,1.6604353696736814e-06,1,-1,30,55
unigram,synonym_30,79,9.15609759792614,2.6903995892245335e-20,1,-1,30,159
unigram,synonym_30,80,8.311320519657981,4.7321455336661824e-17,1,-1,30,172
unigram,synonym_30,81,8.211790154220079,1.0895743757789646e-16,1,-1,30,157
unigram,synonym_30,82,8.784773691099147,7.833982598470554e-19,1,-1,30,170
unigram,synonym_30,83,11.149666743591517,3.5937525082627895e-29,1,-1,30,191
unigram,synonym_30,84,10.614455552060438,1.2763913495704691e-26,1,-1,30,185
unigram,synonym_30,85,6.142857142857143,4.0525086604541505e-10,1,-1,30,165
unigram,synonym_30,86,8.845379626717031,4.560883256594384e-19,1,-1,30,152
unigram,synonym_30,87,9.941988596598868,1.3665780463434665e-23,1,-1,30,143
unigram,synonym_30,88,8.664989975877138,2.257763641936174e-18,1,-1,30,157
unigram,synonym_30,89,8.913652560563674,2.468919351142003e-19,1,-1,30,151
unigram,synonym_30,90,10.859917082697372,8.9455791863306e-28,1,-1,30,175
unigram,synonym_30,91,10.955328875448275,3.1325191203773326e-28,1,-1,30,184
unigram,synonym_30,92,9.29676860753542,7.238942965257317e-21,1,-1,30,172
unigram,synonym_30,93,10.243927620661186,6.300725154224099e-25,1,-1,30,180
unigram,synonym_30,94,10.097219723956004,2.8415275374344993e-24,1,-1,30,161
unigram,synonym_30,95,9.752519054427772,8.99733194602697e-23,1,-1,30,177
unigram,synonym_30,96,9.75260004035692,8.990155316016207e-23,1,-1,30,163
unigram,synonym_30,97,13.497613382013476,8.07621588762333e-42,1,-1,30,15
unigram,synonym_30,98,9.984603532054125,8.90056399655923e-24,1,-1,30,178
unigram,synonym_30,99,9.614915597224323,3.458302624011069e-22,1,-1,24,158
unigram,synonym_30,100,6.788225099390856,5.676071792460946e-12,1,-1,30,161
unigram,synonym_30,101,8.866666666666667,3.7684049429933245e-19,1,-1,30,185
unigram,synonym_30,102,9.525793444156804,8.189295012286076e-22,1,-1,30,165
unigram,synonym_30,103,10.765022725740726,2.517456553739812e-27,1,-1,30,168
unigram,synonym_30,104,9.66116785131113,2.204048666636099e-22,1,-1,30,178
unigram,synonym_30,105,5.417490779798923,3.022063271755364e-08,1,-1,18,42
unigram,synonym_30,106,8.460169506877884,1.3349457939724929e-17,1,-1,30,152
unigram,synonym_30,107,8.176393039804365,1.462334535512959e-16,1,-1,30,160
unigram,synonym_30,108,10.029859726058081,5.633828252662284e-24,1,-1,30,173
unigram,synonym_30,109,9.797958971132712,5.744173977061323e-23,1,-1,30,182
unigram,synonym_30,110,9.48426862501012,1.2204435846779239e-21,1,-1,30,135
unigram,synonym_30,111,6.857556923316185,3.5024058406396507e-12,1,-1,30,182
unigram,synonym_30,112,4.060812243681228,2.445114372014521e-05,1,-1,30,39
unigram,synonym_30,113,8.564858872844146,5.410414887783545e-18,1,-1,30,175
unigram,synonym_30,114,8.270429251254134,6.673878177436184e-17,1,-1,30,158
unigram,synonym_30,115,8.946548160150956,1.8338598124698e-19,1,-1,30,171
unigram,synonym_30,116,10.07819667942528,3.4490233289901996e-24,1,-1,30,168
unigram,synonym_30,117,9.522165814091077,8.480337211908265e-22,1,-1,30,138
unigram,synonym_30,118,9.568578384885203,5.419285287757086e-22,1,-1,30,162
unigram,synonym_30,119,8.613182680510757,3.552986304111201e-18,1,-1,30,171
unigram,synonym_30,120,4.063777271736939,2.414245146308296e-05,1,-1,30,47
unigram,synonym_30,121,9.006048572547735,1.068072912868688e-19,1,-1,30,167
unigram,synonym_30,122,8.311569754313677,4.7222152637716034e-17,1,-1,30,154
unigram,synonym_30,123,8.39239622577964,2.3816620138331486e-17,1,-1,30,178
unigram,synonym_30,124,8.33974830970089,3.7224412688735377e-17,1,-1,30,176
unigram,synonym_30,125,8.485552916276633,1.0734769984360655e-17,1,-1,30,166
unigram,synonym_30,126,7.4732041647344865,3.913263642392427e-14,1,-1,30,156
unigram,synonym_30,127,8.791076092716098,7.406709576464627e-19,1,-1,30,159
unigram,synonym_30,128,4.576620428378843,2.3627386327166502e-06,1,-1,30,76
unigram,synonym_30,129,9.108865383319076,4.16239977230898e-20,1,-1,30,167
unigram,synonym_30,130,9.706920163750219,1.4086049568678793e-22,1,-1,30,177
unigram,synonym_30,131,7.332355751067665,1.1307091316521004e-13,1,-1,30,144
unigram,synonym_30,132,9.581869706598802,4.765189053550799e-22,1,-1,30,186
unigram,synonym_30,133,9.105129413825598,4.3081825258013835e-20,1,-1,30,160
unigram,synonym_30,134,7.670939836314077,8.5370312432766e-15,1,-1,30,158
unigram,synonym_30,135,6.1312505257662355,4.3595488571262564e-10,1,-1,30,100
unigram,synonym_30,136,8.30018853827986,5.197315137686515e-17,1,-1,30,78
unigram,synonym_30,137,8.975972098740664,1.4043028771906145e-19,1,-1,30,180
unigram,synonym_30,138,9.384891607056018,3.1490594022334207e-21,1,-1,30,153
unigram,synonym_30,139,8.564858872844146,5.410414887783545e-18,1,-1,30,155
unigram,synonym_30,140,9.711672508614202,1.3444409917923122e-22,1,-1,30,155
unigram,synonym_30,141,7.783104751750395,3.538299562468109e-15,1,-1,30,135
unigram,synonym_30,142,1.6666666666666667,0.0477903522728147,0,-1,28,8
unigram,synonym_30,143,10.212970278266843,8.67358021581701e-25,1,-1,30,140
unigram,synonym_30,144,7.991968445447437,6.640051691979697e-16,1,-1,30,165
unigram,synonym_30,145,9.81077377434023,5.059481069845299e-23,1,-1,30,147
unigram,synonym_30,146,8.05091664863379,4.1088111361738255e-16,1,-1,30,149
unigram,synonym_30,147,8.661328111275013,2.3314962156225644e-18,1,-1,30,171
unigram,synonym_30,148,9.023334236725555,9.122493699432159e-20,1,-1,30,166
unigram,synonym_30,149,8.913547410185707,2.4712629369145702e-19,1,-1,30,152
unigram,synonym_30,150,8.8610150626042,3.9644576303202917e-19,1,-1,30,144
unigram,synonym_30,151,7.088810304070324,6.763489494432484e-13,1,-1,30,155
unigram,synonym_30,152,9.933339462472443,1.490505869654175e-23,1,-1,30,157
unigram,synonym_30,153,6.531972647421808,3.2454506079005654e-11,1,-1,30,114
unigram,synonym_30,154,8.669253906926034,2.174805229169772e-18,1,-1,30,170
unigram,synonym_30,155,7.715033320111766,6.047531539214527e-15,1,-1,30,160
unigram,synonym_30,156,3.7754784184438925,7.985042589189775e-05,0,-1,30,45
unigram,synonym_30,157,8.764598212022147,9.37219765585946e-19,1,-1,30,172
unigram,synonym_30,158,9.389710680668848,3.0082646670267356e-21,1,-1,30,176
unigram,synonym_30,159,7.884206636416519,1.5827005692359051e-15,1,-1,30,166
unigram,synonym_30,160,9.79893094266143,5.689174053660571e-23,1,-1,30,172
unigram,synonym_30,161,7.417470453229208,5.968915427151977e-14,1,-1,30,160
unigram,synonym_30,162,9.442058375572193,1.8276352030993044e-21,1,-1,30,176
unigram,synonym_30,163,10.159281922178945,1.506436071280929e-24,1,-1,30,168
unigram,synonym_30,164,8.970852271450605,1.4711442785794558e-19,1,-1,30,160
unigram,synonym_30,165,8.778835980074383,8.258760172748392e-19,1,-1,30,178
unigram,synonym_30,166,10.488996502003785,4.852683347234422e-26,1,-1,30,164
unigram,synonym_30,167,9.70684031058335,1.4097085880558673e-22,1,-1,30,172
unigram,synonym_30,168,8.03194840135015,4.796836042288046e-16,1,-1,30,176
unigram,synonym_30,169,8.349784069616208,3.419393821835204e-17,1,-1,30,173
unigram,synonym_30,170,8.661328111275013,2.3314962156225644e-18,1,-1,30,180
unigram,synonym_30,171,9.338145262192008,4.901817676506848e-21,1,-1,30,174
unigram,synonym_30,172,9.445699494375898,1.765191620980941e-21,1,-1,30,186
unigram,synonym_30,173,9.568495052043222,5.423654459796705e-22,1,-1,30,167
unigram,synonym_30,174,12.636288976070388,6.659670937898373e-37,1,-1,30,186
unigram,synonym_30,175,10.738494817057026,3.3564944895089466e-27,1,-1,30,177
unigram,synonym_30,176,8.451006578811896,1.4440099028855555e-17,1,-1,30,181
unigram,synonym_30,177,7.947194142390263,9.539165044991841e-16,1,-1,30,179
unigram,synonym_30,178,9.054025041832395,6.889660391577802e-20,1,-1,30,138
unigram,synonym_30,179,9.013878188659973,9.944779600872694e-20,1,-1,30,163
unigram,synonym_30,180,9.358498693559605,4.0438840406781556e-21,1,-1,30,184
unigram,synonym_30,181,7.123990720171842,5.242305297963609e-13,1,-1,30,151
unigram,synonym_30,182,4.348046896138958,6.867761927377216e-06,1,-1,30,103
unigram,synonym_30,183,8.549090976340064,6.2030851092068085e-18,1,-1,30,157
unigram,synonym_30,184,11.074092017799545,8.378504912872956e-29,1,-1,30,180
unigram,synonym_30,185,8.590692637965812,4.32233005516716e-18,1,-1,30,164
unigram,synonym_30,186,9.70725343394151,1.4040081350699545e-22,1,-1,19,155
unigram,synonym_30,187,8.18182789432213,1.3978508152832336e-16,1,-1,30,173
unigram,synonym_30,188,7.524716554349471,2.641740807362303e-14,1,-1,30,173
unigram,synonym_30,189,6.895691538761925,2.68016975029904e-12,1,-1,30,114
unigram,synonym_30,190,8.590797506739511,4.318386442435186e-18,1,-1,30,177
unigram,synonym_30,191,5.171145012542265,1.163319603801087e-07,1,-1,30,178
unigram,synonym_30,192,10.434513393898245,8.624763168134339e-26,1,-1,30,166
unigram,synonym_30,193,11.480317411172553,8.283559773941445e-31,1,-1,30,109
unigram,synonym_30,194,10.729688420090913,3.6922371531714974e-27,1,-1,30,170
unigram,synonym_30,195,9.804304060434516,5.394406092236104e-23,1,-1,30,159
unigram,synonym_30,196,9.525793444156804,8.189295012286076e-22,1,-1,30,174
unigram,synonym_30,197,9.84363734915515,3.6511003674773086e-23,1,-1,30,185
unigram,synonym_30,198,7.8928002823013514,1.4774013582195826e-15,1,-1,30,170
unigram,synonym_30,199,10.495225507539429,4.5430247906043935e-26,1,-1,30,117
unigram,swap_20,0,6.411560504908935,7.201878581989957e-11,1,-1,30,106
unigram,swap_20,1,11.200147274436715,2.0352811725928317e-29,1,-1,30,167
unigram,swap_20,2,10.356414396350514,1.9567942240190282e-25,1,-1,30,141
unigram,swap_20,3,8.049844718999243,4.144957337186113e-16,1,-1,30,139
unigram,swap_20,4,9.0462727985835,7.396578983626095e-20,1,-1,30,123
unigram,swap_20,5,10.650718799464833,8.651191369444579e-27,1,-1,30,166
unigram,swap_20,6,11.0,1.910659574498663e-28,1,-1,30,162
unigram,swap_20,7,11.571428571428571,2.8758461368178433e-31,1,-1,30,161
unigram,swap_20,8,4.937707198786941,3.9523201961760374e-07,1,-1,30,35
unigram,swap_20,9,5.107539184552492,1.6319071433624992e-07,1,-1,30,77
unigram,swap_20,10,10.802169628684263,1.6808237032614363e-27,1,-1,30,166
unigram,swap_20,11,9.337225700591357,4.944565066394135e-21,1,-1,30,154
unigram,swap_20,12,12.061697064778,8.413961421939492e-34,1,-1,30,163
unigram,swap_20,13,10.097219723956004,2.8415275374344993e-24,1,-1,30,165
unigram,swap_20,14,11.013180986455026,1.6506881076623768e-28,1,-1,30,176
unigram,swap_20,15,3.5,0.00023262907903552502,0,-1,30,46
unigram,swap_20,16,10.293365235706332,3.7745462417785485e-25,1,-1,30,167
unigram,swap_20,17,9.91881942185683,1.7240517275315056e-23,1,-1,30,152
unigram,swap_20,18,10.0,7.61985302416047e-24,1,-1,30,159
unigram,swap_20,19,9.959292143521045,1.1484612465225235e-23,1,-1,30,156
unigram,swap_20,20,11.857142857142858,9.88017450828238e-33,1,-1,30,168
unigram,swap_20,21,10.142857142857142,1.7825836023267617e-24,1,-1,30,172
unigram,swap_20,22,11.35303062392708,3.581794412773453e-30,1,-1,30,150
unigram,swap_20,23,10.625780747542525,1.130560644876469e-26,1,-1,30,160
unigram,swap_20,24,10.142857142857142,1.7825836023267617e-24,1,-1,30,149
unigram,swap_20,25,11.58512208668691,2.4513379547673127e-31,1,-1,30,137
unigram,swap_20,26,11.52333432833367,5.031983369144352e-31,1,-1,30,160
unigram,swap_20,27,4.109974682633933,1.978512496172632e-05,1,-1,30,32
unigram,swap_20,28,13.435028842544403,1.8846072428274399e-41,1,-1,30,197
unigram,swap_20,29,10.338597484095429,2.356928384415763e-25,1,-1,30,157
unigram,swap_20,30,11.462524751738185,1.0174740292864962e-30,1,-1,30,152
unigram,swap_20,31,11.627231543621377,1.4982952352003194e-31,1,-1,30,162
unigram,swap_20,32,11.185786848101815,2.3932039532062966e-29,1,-1,30,159
unigram,swap_20,33,8.339078479367938,3.7435855741168555e-17,1,-1,30,94
unigram,swap_20,34,9.825356706430671,4.378174069295344e-23,1,-1,30,149
unigram,swap_20,35,10.247967278115858,6.042921098183845e-25,1,-1,30,162
unigram,swap_20,36,10.01843221054169,6.324674875745896e-24,1,-1,30,154
unigram,swap_20,37,10.912964010989619,4.9971784062766565e-28,1,-1,30,165
unigram,swap_20,38,9.5229653305506,8.415325970349785e-22,1,-1,30,58
unigram,swap_20,39,12.365641548625405,2.0049843912857872e-35,1,-1,30,115
unigram,swap_20,40,10.769372379266072,2.4013191269184157e-27,1,-1,30,155
unigram,swap_20,41,9.96528365411032,1.081278327689514e-23,1,-1,30,166
unigram,swap_20,42,10.606601717798213,1.3883246930152643e-26,1,-1,30,164
unigram,swap_20,43,9.36585811581694,3.771739548119038e-21,1,-1,30,71
unigram,swap_20,44,4.106050306901635,2.0124093119488915e-05,1,-1,30,41
unigram,swap_20,45,11.231604345337882,1.4262570993425282e-29,1,-1,30,147
unigram,swap_20,46,10.536642412710671,2.927606857908891e-26,1,-1,30,166
unigram,swap_20,47,10.064684413354724,3.957036900360236e-24,1,-1,30,153
unigram,swap_20,48,11.918105433054453,4.7624958661776225e-33,1,-1,30,160
unigram,swap_20,49,10.356414396350514,1.9567942240190282e-25,1,-1,30,155
unigram,swap_20,50,9.953996749148118,1.2112694945627357e-23,1,-1,30,139
unigram,swap_20,51,11.547005383792516,3.8218791928155604e-31,1,-1,30,144
unigram,swap_20,52,9.683798649504904,1.766690074286718e-22,1,-1,30,150
unigram,swap_20,53,9.44911182523068,1.7085893006618425e-21,1,-1,30,151
unigram,swap_20,54,8.125334001232131,2.2306608885491466e-16,1,-1,30,141
unigram,swap_20,55,10.156667501540163,1.5473696285232296e-24,1,-1,30,128
unigram,swap_20,56,11.157144136604765,3.304015289934192e-29,1,-1,30,176
unigram,swap_20,57,10.74970463466882,2.9725843262238142e-27,1,-1,30,159
unigram,swap_20,58,9.477047693754143,1.3078952178238249e-21,1,-1,30,152
unigram,swap_20,59,9.878611062378107,2.5771168863132932e-23,1,-1,30,147
unigram,swap_20,60,10.769372379266072,2.4013191269184157e-27,1,-1,30,166
unigram,swap_20,61,9.053574604251853,6.918151231399701e-20,1,-1,30,117
unigram,swap_20,62,11.504836224149503,6.236294380925617e-31,1,-1,30,136
unigram,swap_20,63,8.244848578954475,8.268474822268827e-17,1,-1,30,149
unigram,swap_20,64,10.338597484095429,2.356928384415763e-25,1,-1,30,158
unigram,swap_20,65,10.72525468615555,3.873667453187815e-27,1,-1,30,157
unigram,swap_20,66,6.219852664185793,2.488109683475461e-10,1,-1,30,94
unigram,swap_20,67,10.615810448198538,1.2580073091026168e-26,1,-1,30,145
unigram,swap_20,68,10.437328385856071,8.372859559793595e-26,1,-1,30,159
unigram,swap_20,69,11.030865786510141,1.3562056647183062e-28,1,-1,30,159
unigram,swap_20,70,10.517902006876781,3.5723372800729344e-26,1,-1,30,177
unigram,swap_20,71,6.674381501012108,1.2413849660358823e-11,1,-1,30,61
unigram,swap_20,72,11.939240115914185,3.694759527368562e-33,1,-1,30,157
unigram,swap_20,73,10.195005852371882,1.0436598001620715e-24,1,-1,30,159
unigram,swap_20,74,11.142857142857142,3.879475590856795e-29,1,-1,30,171
unigram,swap_20,75,10.502279387848409,4.215953976802486e-26,1,-1,30,146
unigram,swap_20,76,10.558592281537438,2.3178065962495402e-26,1,-1,30,167
unigram,swap_20,77,9.814954576223638,4.8540851545631027e-23,1,-1,30,158
unigram,swap_20,78,5.259005881071332,7.241812912382915e-08,1,-1,30,51
unigram,swap_20,79,11.086437250491743,7.299342898193237e-29,1,-1,30,153
unigram,swap_20,80,10.156667501540163,1.5473696285232296e-24,1,-1,30,163
unigram,swap_20,81,8.801454906185025,6.752685480809557e-19,1,-1,30,156
unigram,swap_20,82,9.528847873638334,7.951919870587469e-22,1,-1,30,161
unigram,swap_20,83,12.714285714285714,2.4629500995873906e-37,1,-1,30,173
unigram,swap_20,84,11.980018085684735,2.261125120495101e-33,1,-1,30,171
unigram,swap_20,85,8.894584665044027,2.931909508608077e-19,1,-1,30,159
unigram,swap_20,86,9.623542250389209,3.1801162270432715e-22,1,-1,30,137
unigram,swap_20,87,9.825356706430671,4.378174069295344e-23,1,-1,30,137
unigram,swap_20,88,10.461753001388866,6.471921449447673e-26,1,-1,30,149
unigram,swap_20,89,9.674326467128996,1.9381780769138312e-22,1,-1,30,145
unigram,swap_20,90,11.95911839645853,2.9088135722154005e-33,1,-1,30,165
unigram,swap_20,91,11.731769201708264,4.380406427015488e-32,1,-1,30,170
unigram,swap_20,92,10.392304845413264,1.34389089732467e-25,1,-1,30,162
unigram,swap_20,93,12.061697064778,8.413961421939492e-34,1,-1,30,161
unigram,swap_20,94,11.291827856644204,7.200512099483556e-30,1,-1,30,156
unigram,swap_20,95,10.857142857142858,9.221473159103263e-28,1,-1,30,168
unigram,swap_20,96,10.912964010989619,4.9971784062766565e-28,1,-1,30,159
unigram,swap_20,97,13.641205013737025,1.138827996119972e-42,1,-1,30,15
unigram,swap_20,98,10.769372379266072,2.4013191269184157e-27,1,-1,30,173
unigram,swap_20,99,10.648144379346302,8.89376801949058e-27,1,-1,24,150
unigram,swap_20,100,7.970869422985724,7.878096104414685e-16,1,-1,30,157
unigram,swap_20,101,9.959292143521045,1.1484612465225235e-23,1,-1,30,167
unigram,swap_20,102,10.939874362342092,3.715140190807022e-28,1,-1,30,152
unigram,swap_20,103,11.797106305010445,2.0198251230581055e-32,1,-1,30,165
unigram,swap_20,104,10.285714285714286,4.0866888465715438e-25,1,-1,30,173
unigram,swap_20,105,5.777483045827792,3.7913179869109706e-09,1,-1,18,35
unigram,swap_20,106,9.540556703999103,7.103380504364614e-22,1,-1,30,144
unigram,swap_20,107,8.551633456984034,6.067932337570473e-18,1,-1,30,154
unigram,swap_20,108,10.051414220648333,4.527917951041104e-24,1,-1,30,162
unigram,swap_20,109,10.625780747542525,1.130560644876469e-26,1,-1,30,168
unigram,swap_20,110,10.703652732510609,4.892176606560834e-27,1,-1,30,131
unigram,swap_20,111,8.759089535136406,9.841686467096347e-19,1,-1,30,167
unigram,swap_20,112,4.423258684646914,4.861160726510194e-06,1,-1,30,38
unigram,swap_20,113,10.040916292848975,5.0367012604291404e-24,1,-1,30,164
unigram,swap_20,114,9.76923076923077,7.630315544636831e-23,1,-1,30,143
unigram,swap_20,115,11.215406382032535,1.7130453474637813e-29,1,-1,30,160
unigram,swap_20,116,11.056555642713167,1.018865730090243e-28,1,-1,30,160
unigram,swap_20,117,10.998533626601498,1.941981297487355e-28,1,-1,30,132
unigram,swap_20,118,10.939874362342092,3.715140190807022e-28,1,-1,30,151
unigram,swap_20,119,10.680979980008077,6.2472818363510455e-27,1,-1,30,164
unigram,swap_20,120,4.737364557517151,1.0825773410947623e-06,1,-1,30,44
unigram,swap_20,121,9.86647700149616,2.908595718987092e-23,1,-1,30,157
unigram,swap_20,122,9.189494464367357,1.973459370370866e-20,1,-1,30,149
unigram,swap_20,123,9.38194187433142,3.238434283948065e-21,1,-1,30,165
unigram,swap_20,124,9.23869770874312,1.247577371170742e-20,1,-1,30,167
unigram,swap_20,125,9.53595439531399,7.425657535962584e-22,1,-1,30,156
unigram,swap_20,126,8.168439523882096,1.5620196631225574e-16,1,-1,30,150
unigram,swap_20,127,10.293365235706332,3.7745462417785485e-25,1,-1,30,154
unigram,swap_20,128,5.273697108112943,6.685125377898376e-08,1,-1,30,71
unigram,swap_20,129,10.097219723956004,2.8415275374344993e-24,1,-1,30,161
unigram,swap_20,130,10.338597484095429,2.356928384415763e-25,1,-1,30,165
unigram,swap_20,131,8.353200361786673,3.321890527381373e-17,1,-1,30,140
unigram,swap_20,132,11.691342951089922,7.056851939482966e-32,1,-1,30,171
unigram,swap_20,133,10.195005852371882,1.0436598001620715e-24,1,-1,30,158
unigram,swap_20,134,8.428571428571429,1.7495528006975224e-17,1,-1,30,148
unigram,swap_20,135,6.505382386916237,3.874799798720929e-11,1,-1,30,100
unigram,swap_20,136,8.872503112166816,3.575992274744155e-19,1,-1,30,74
unigram,swap_20,137,10.536642412710671,2.927606857908891e-26,1,-1,30,166
unigram,swap_20,138,10.625780747542525,1.130560644876469e-26,1,-1,30,142
unigram,swap_20,139,10.392304845413264,1.34389089732467e-25,1,-1,30,145
unigram,swap_20,140,11.200147274436715,2.0352811725928317e-29,1,-1,30,153
unigram,swap_20,141,9.24879613166262,1.1351763723163571e-20,1,-1,30,128
unigram,swap_20,142,2.1213203435596424,0.016947426762344633,0,-1,28,7
unigram,swap_20,143,12.318357661793677,3.6074328694121375e-35,1,-1,30,134
unigram,swap_20,144,10.227511429949674,7.465338830903208e-25,1,-1,30,159
unigram,swap_20,145,9.91881942185683,1.7240517275315056e-23,1,-1,30,144
unigram,swap_20,146,9.092121131323905,4.8562701852569854e-20,1,-1,30,145
unigram,swap_20,147,10.769372379266072,2.4013191269184157e-27,1,-1,30,164
unigram,swap_20,148,10.356414396350514,1.9567942240190282e-25,1,-1,30,161
unigram,swap_20,149,14.14213562373095,1.0442437918812723e-45,1,-1,30,146
unigram,swap_20,150,10.718708428841307,4.157820126952639e-27,1,-1,30,136
unigram,swap_20,151,7.824614938160297,2.5460655443767573e-15,1,-1,30,147
unigram,swap_20,152,11.36012130309102,3.30264291123224e-30,1,-1,30,151
unigram,swap_20,153,7.60122529295103,1.466699556819594e-14,1,-1,30,109
unigram,swap_20,154,9.477047693754143,1.3078952178238249e-21,1,-1,30,158
unigram,swap_20,155,9.526279441628825,8.151062074740009e-22,1,-1,30,154
unigram,swap_20,156,4.714951667914447,1.208840656651415e-06,1,-1,30,42
unigram,swap_20,157,10.571428571428571,2.0214430597632552e-26,1,-1,30,163
unigram,swap_20,158,10.103629710818451,2.6617277173453078e-24,1,-1,30,161
unigram,swap_20,159,9.620639325477692,3.2711625957766537e-22,1,-1,30,158
unigram,swap_20,160,10.625780747542525,1.130560644876469e-26,1,-1,30,164
unigram,swap_20,161,10.005438935406854,7.212528282634337e-24,1,-1,30,157
unigram,swap_20,162,10.323759005323593,2.7512868753459563e-25,1,-1,30,167
unigram,swap_20,163,11.228571061395483,1.4760707002539476e-29,1,-1,30,160
unigram,swap_20,164,9.972003821452024,1.0105470568247791e-23,1,-1,30,150
unigram,swap_20,165,10.247967278115858,6.042921098183845e-25,1,-1,30,171
unigram,swap_20,166,12.102341371266416,5.13206267614208e-34,1,-1,30,153
unigram,swap_20,167,11.17233425169418,2.7848813479104104e-29,1,-1,30,159
unigram,swap_20,168,9.477047693754143,1.3078952178238249e-21,1,-1,30,171
unigram,swap_20,169,9.949366763261821,1.2689647591741119e-23,1,-1,30,163
unigram,swap_20,170,11.17233425169418,2.7848813479104104e-29,1,-1,30,164
unigram,swap_20,171,10.005438935406854,7.212528282634337e-24,1,-1,30,163
unigram,swap_20,172,11.31370849898476,5.612148586491464e-30,1,-1,30,178
unigram,swap_20,173,11.438474971665558,1.3428236025772473e-30,1,-1,30,156
unigram,swap_20,174,13.010764773832474,5.3136577977024474e-39,1,-1,30,175
unigram,swap_20,175,11.627231543621377,1.4982952352003194e-31,1,-1,30,165
unigram,swap_20,176,10.411945166516084,1.0935324834315893e-25,1,-1,30,167
unigram,swap_20,177,10.285714285714286,4.0866888465715438e-25,1,-1,30,164
unigram,swap_20,178,9.524327824724457,8.305671378150881e-22,1,-1,30,132
unigram,swap_20,179,10.643349983741231,9.363634085889586e-27,1,-1,30,148
unigram,swap_20,180,11.285714285714286,7.719118930310993e-30,1,-1,30,172
unigram,swap_20,181,9.288843237758519,7.798709513625713e-21,1,-1,30,145
unigram,swap_20,182,6.247782215210102,2.081608038993779e-10,1,-1,30,101
unigram,swap_20,183,9.0462727985835,7.396578983626095e-20,1,-1,30,153
unigram,swap_20,184,12.688973569649212,3.4036017202171386e-37,1,-1,30,172
unigram,swap_20,185,10.097219723956004,2.8415275374344993e-24,1,-1,30,159
unigram,swap_20,186,10.96965511460289,2.6737989356772373e-28,1,-1,19,148
unigram,swap_20,187,9.670617008926232,2.0097367449851096e-22,1,-1,30,163
unigram,swap_20,188,9.288843237758519,7.798709513625713e-21,1,-1,30,165
unigram,swap_20,189,7.8628393360313815,1.877612707201244e-15,1,-1,30,106
unigram,swap_20,190,10.293365235706332,3.7745462417785485e-25,1,-1,30,162
unigram,swap_20,191,6.550323331813121,2.8706320420002706e-11,1,-1,30,170
unigram,swap_20,192,11.512838683202963,5.683697266748038e-31,1,-1,30,161
unigram,swap_20,193,11.504474832710557,6.262470750020443e-31,1,-1,30,108
unigram,swap_20,194,11.200147274436715,2.0352811725928317e-29,1,-1,30,162
unigram,swap_20,195,10.446858001584168,7.573003398617576e-26,1,-1,30,155
unigram,swap_20,196,10.67011162318755,7.02287751179825e-27,1,-1,30,161
unigram,swap_20,197,11.857142857142858,9.88017450828238e-33,1,-1,30,173
unigram,swap_20,198,9.333456062030596,5.123690062809027e-21,1,-1,30,161
unigram,swap_20,199,11.77927178483859,2.496124963193644e-32,1,-1,30,115
unigram,typo_10,0,6.084869844593311,5.829299046890231e-10,1,-1,30,106
unigram,typo_10,1,10.782156647015675,2.08984767235336e-27,1,-1,30,167
unigram,typo_10,2,9.2863437856092,7.983966793552173e-21,1,-1,30,141
unigram,typo_10,3,7.625649981110372,1.2140391331652876e-14,1,-1,30,139
unigram,typo_10,4,8.443170536763503,1.5442200400512566e-17,1,-1,30,123
unigram,typo_10,5,10.074957166398372,3.564592523422587e-24,1,-1,30,166
unigram,typo_10,6,9.753173940511653,8.939460800529373e-23,1,-1,30,162
unigram,typo_10,7,10.406611406966714,1.156545112159953e-25,1,-1,30,161
unigram,typo_10,8,4.423258684646914,4.861160726510194e-06,1,-1,30,35
unigram,typo_10,9,4.834676899175834,6.668103260811109e-07,1,-1,30,77
unigram,typo_10,10,9.108865383319076,4.16239977230898e-20,1,-1,30,166
unigram,typo_10,11,7.97040545920216,7.907730749661151e-16,1,-1,30,154
unigram,typo_10,12,10.67797877733566,6.452541248623853e-27,1,-1,30,163
unigram,typo_10,13,9.845928482997817,3.568854670187835e-23,1,-1,30,165
unigram,typo_10,14,9.614831047738438,3.4611449443859233e-22,1,-1,30,176
unigram,typo_10,15,3.1529631254723287,0.0008081111075299929,0,-1,30,46
unigram,typo_10,16,9.758073580374356,8.518020964828397e-23,1,-1,30,167
unigram,typo_10,17,9.477047693754143,1.3078952178238249e-21,1,-1,30,152
unigram,typo_10,18,8.743040563433231,1.1345958353777525e-18,1,-1,30,159
unigram,typo_10,19,9.381096690919357,3.264501993459076e-21,1,-1,30,156
unigram,typo_10,20,10.168202618831296,1.3746752317530286e-24,1,-1,30,168
unigram,typo_10,21,8.970852271450605,1.4711442785794558e-19,1,-1,30,172
unigram,typo_10,22,9.618351748367802,3.3447224564289824e-22,1,-1,30,150
unigram,typo_10,23,9.614831047738438,3.4611449443859233e-22,1,-1,30,160
unigram,typo_10,24,9.615514966907272,3.4382195832244514e-22,1,-1,30,149
unigram,typo_10,25,11.013180986455026,1.6506881076623768e-28,1,-1,30,137
unigram,typo_10,26,11.0,1.910659574498663e-28,1,-1,30,160
unigram,typo_10,27,3.893314107138301,4.944199087306962e-05,0,-1,30,32
unigram,typo_10,28,11.879774082787288,7.538714937457307e-33,1,-1,30,197
unigram,typo_10,29,9.75588744817599,8.703573276986889e-23,1,-1,30,157
unigram,typo_10,30,10.857142857142858,9.221473159103263e-28,1,-1,30,152
unigram,typo_10,31,10.704106195625872,4.868285630574622e-27,1,-1,30,162
unigram,typo_10,32,10.400628679223047,1.2315137843609756e-25,1,-1,30,159
unigram,typo_10,33,8.094942241155303,2.864576498510184e-16,1,-1,30,94
unigram,typo_10,34,9.0462727985835,7.396578983626095e-20,1,-1,30,149
unigram,typo_10,35,10.032955405799294,5.459910567917502e-24,1,-1,30,162
unigram,typo_10,36,9.28912293373539,7.778244981420183e-21,1,-1,30,154
unigram,typo_10,37,9.987553229504968,8.639709861790122e-24,1,-1,30,165
unigram,typo_10,38,9.38083151964686,3.272723270475586e-21,1,-1,30,58
unigram,typo_10,39,12.142219629744218,3.1545500679587574e-34,1,-1,30,115
unigram,typo_10,40,9.89625992944471,2.1606714982670795e-23,1,-1,30,155
unigram,typo_10,41,9.240027567747637,1.2321686834520217e-20,1,-1,30,166
unigram,typo_10,42,10.114779076201748,2.375438190102325e-24,1,-1,30,164
unigram,typo_10,43,8.96765317230787,1.5144954692699308e-19,1,-1,30,71
unigram,typo_10,44,4.157609203101499,1.607977781600339e-05,1,-1,30,41
unigram,typo_10,45,10.27877747262087,4.391731328878997e-25,1,-1,30,147
unigram,typo_10,46,9.991085135170145,8.337311945317477e-24,1,-1,30,166
unigram,typo_10,47,8.909545442950499,2.562110843697821e-19,1,-1,30,153
unigram,typo_10,48,11.190273554396345,2.2751381304123106e-29,1,-1,30,160
unigram,typo_10,49,9.571428571428571,5.271927238598389e-22,1,-1,30,155
unigram,typo_10,50,9.196875788649354,1.842540268383646e-20,1,-1,30,139
unigram,typo_10,51,10.932857045808273,4.014013833963518e-28,1,-1,30,144
unigram,typo_10,52,9.189864430307049,1.9666838559190633e-20,1,-1,30,150
unigram,typo_10,53,8.277881133609988,6.269314670691989e-17,1,-1,30,151
unigram,typo_10,54,7.547198089687002,2.223609587181686e-14,1,-1,30,141
unigram,typo_10,55,9.428120026610868,2.0875231785877282e-21,1,-1,30,128
unigram,typo_10,56,10.07819667942528,3.4490233289901996e-24,1,-1,30,176
unigram,typo_10,57,9.850365626224086,3.4147537223583556e-23,1,-1,30,159
unigram,typo_10,58,8.53468195188904,7.027074890970892e-18,1,-1,30,152
unigram,typo_10,59,9.237881875108684,1.2571243208851732e-20,1,-1,30,147
unigram,typo_10,60,9.250047582671678,1.1219637820434893e-20,1,-1,30,166
unigram,typo_10,61,7.832032988997221,2.400217634272877e-15,1,-1,30,117
unigram,typo_10,62,10.172302008657619,1.3180192541594607e-24,1,-1,30,136
unigram,typo_10,63,7.519539763899754,2.7484699311979383e-14,1,-1,30,149
unigram,typo_10,64,9.70725343394151,1.4040081350699545e-22,1,-1,30,158
unigram,typo_10,65,10.036632410713429,5.260230982214478e-24,1,-1,30,157
unigram,typo_10,66,5.810848255358981,3.107854277092856e-09,1,-1,30,94
unigram,typo_10,67,9.850365626224086,3.4147537223583556e-23,1,-1,30,145
unigram,typo_10,68,9.614915597224323,3.458302624011069e-22,1,-1,30,159
unigram,typo_10,69,9.888917922321866,2.3251353141699137e-23,1,-1,30,159
unigram,typo_10,70,8.661328111275013,2.3314962156225644e-18,1,-1,30,177
unigram,typo_10,71,6.51664535375884,3.594856933238078e-11,1,-1,30,61
unigram,typo_10,72,10.851484551946433,9.810611667190164e-28,1,-1,30,157
unigram,typo_10,73,9.89625992944471,2.1606714982670795e-23,1,-1,30,159
unigram,typo_10,74,10.59034181723259,1.6519160568491842e-26,1,-1,30,171
unigram,typo_10,75,9.285714285714286,8.031306651761183e-21,1,-1,30,146
unigram,typo_10,76,8.743040563433231,1.1345958353777525e-18,1,-1,30,167
unigram,typo_10,77,8.961792537779262,1.5972121893620702e-19,1,-1,30,158
unigram,typo_10,78,5.34051746187234,4.634082468559559e-08,1,-1,30,51
unigram,typo_10,79,10.306545511604511,3.291249687146468e-25,1,-1,30,153
unigram,typo_10,80,9.23869770874312,1.247577371170742e-20,1,-1,30,163
unigram,typo_10,81,8.152133857595862,1.7877909971768326e-16,1,-1,30,156
unigram,typo_10,82,8.459177992434745,1.3463439227405797e-17,1,-1,30,161
unigram,typo_10,83,11.149666743591517,3.5937525082627895e-29,1,-1,30,173
unigram,typo_10,84,10.546297466120631,2.641922148886502e-26,1,-1,30,171
unigram,typo_10,85,8.560619751298137,5.6131197605511e-18,1,-1,30,159
unigram,typo_10,86,8.161731518871386,1.6512781830959578e-16,1,-1,30,137
unigram,typo_10,87,8.808212950685025,6.357834996262483e-19,1,-1,30,137
unigram,typo_10,88,9.768257171447692,7.703984828648349e-23,1,-1,30,149
unigram,typo_10,89,9.23869770874312,1.247577371170742e-20,1,-1,30,145
unigram,typo_10,90,11.179062061346139,2.5816392630065783e-29,1,-1,30,165
unigram,typo_10,91,10.362072621807272,1.8444038956357838e-25,1,-1,30,170
unigram,typo_10,92,9.70725343394151,1.4040081350699545e-22,1,-1,30,162
unigram,typo_10,93,10.878867298325744,7.267897360067487e-28,1,-1,30,161
unigram,typo_10,94,10.27877747262087,4.391731328878997e-25,1,-1,30,156
unigram,typo_10,95,8.791076092716098,7.406709576464627e-19,1,-1,30,168
unigram,typo_10,96,10.172302008657619,1.3180192541594607e-24,1,-1,30,159
unigram,typo_10,97,13.67779409415317,6.8905130265127e-43,1,-1,30,15
unigram,typo_10,98,9.614915597224323,3.458302624011069e-22,1,-1,30,173
unigram,typo_10,99,9.5229653305506,8.415325970349785e-22,1,-1,24,150
unigram,typo_10,100,6.667692860264166,1.2992793697099432e-11,1,-1,30,157
unigram,typo_10,101,9.708181111197137,1.391290645947621e-22,1,-1,30,167
unigram,typo_10,102,9.857142857142858,3.192007127756265e-23,1,-1,30,152
unigram,typo_10,103,11.074092017799545,8.378504912872956e-29,1,-1,30,165
unigram,typo_10,104,8.797726979169108,6.980760460360151e-19,1,-1,30,173
unigram,typo_10,105,5.598123172175427,1.0834239262312314e-08,1,-1,18,35
unigram,typo_10,106,8.168439523882096,1.5620196631225574e-16,1,-1,30,144
unigram,typo_10,107,7.571428571428571,1.8457101222875514e-14,1,-1,30,154
unigram,typo_10,108,8.961792537779262,1.5972121893620702e-19,1,-1,30,162
unigram,typo_10,109,9.246878495187547,1.1557214670782415e-20,1,-1,30,168
unigram,typo_10,110,9.932740843258756,1.4994836002998057e-23,1,-1,30,131
unigram,typo_10,111,7.803409760066118,3.0128248592124678e-15,1,-1,30,167
unigram,typo_10,112,3.938354770443153,4.1021114058207946e-05,0,-1,30,38
unigram,typo_10,113,8.838934356775159,4.831793676655751e-19,1,-1,30,164
unigram,typo_10,114,9.24026588693216,1.2294272981902768e-20,1,-1,30,143
unigram,typo_10,115,10.67011162318755,7.02287751179825e-27,1,-1,30,160
unigram,typo_10,116,9.428207099385912,2.0857913058214538e-21,1,-1,30,160
unigram,typo_10,117,10.005438935406854,7.212528282634337e-24,1,-1,30,132
unigram,typo_10,118,10.420553713622537,9.989331848563515e-26,1,-1,30,151
unigram,typo_10,119,9.850365626224086,3.4147537223583556e-23,1,-1,30,164
unigram,typo_10,120,4.737364557517151,1.0825773410947623e-06,1,-1,30,44
unigram,typo_10,121,8.2525437055456,7.752908141884031e-17,1,-1,30,157
unigram,typo_10,122,8.615497903412857,3.481914824407295e-18,1,-1,30,149
unigram,typo_10,123,8.459177992434745,1.3463439227405797e-17,1,-1,30,165
unigram,typo_10,124,8.639489377216059,2.823240722756587e-18,1,-1,30,167
unigram,typo_10,125,8.152133857595862,1.7877909971768326e-16,1,-1,30,156
unigram,typo_10,126,7.229182785339043,2.429545353527934e-13,1,-1,30,150
unigram,typo_10,127,9.475568994366,1.3265538614456859e-21,1,-1,30,154
unigram,typo_10,128,4.631047607372178,1.8191009944177182e-06,1,-1,30,71
unigram,typo_10,129,8.961792537779262,1.5972121893620702e-19,1,-1,30,161
unigram,typo_10,130,8.508087905552719,8.841255786872881e-18,1,-1,30,165
unigram,typo_10,131,7.897539744795119,1.422311577810619e-15,1,-1,30,140
unigram,typo_10,132,10.127239288658883,2.0914629867965937e-24,1,-1,30,171
unigram,typo_10,133,9.009750815427559,1.0326260634739084e-19,1,-1,30,158
unigram,typo_10,134,7.612890223888402,1.340167172717869e-14,1,-1,30,148
unigram,typo_10,135,5.7412300500884195,4.699564974542071e-09,1,-1,30,100
unigram,typo_10,136,8.746195456274092,1.103333722900707e-18,1,-1,30,74
unigram,typo_10,137,9.569896267612535,5.350649436017691e-22,1,-1,30,166
unigram,typo_10,138,10.137001231619204,1.892708904928357e-24,1,-1,30,142
unigram,typo_10,139,9.899494936611665,2.0919128038896777e-23,1,-1,30,145
unigram,typo_10,140,10.704106195625872,4.868285630574622e-27,1,-1,30,153
unigram,typo_10,141,8.160882305241266,1.6629306180949388e-16,1,-1,30,128
unigram,typo_10,142,2.1213203435596424,0.016947426762344633,0,-1,28,7
unigram,typo_10,143,10.714285714285714,4.361398422999343e-27,1,-1,30,134
unigram,typo_10,144,9.070524714957298,5.922261463479289e-20,1,-1,30,159
unigram,typo_10,145,8.577462580600864,4.8494458779511174e-18,1,-1,30,144
unigram,typo_10,146,8.235321051453479,8.953836997310305e-17,1,-1,30,145
unigram,typo_10,147,9.615514966907272,3.4382195832244514e-22,1,-1,30,164
unigram,typo_10,148,9.760845848343621,8.288340841087227e-23,1,-1,30,161
unigram,typo_10,149,12.215040204895242,1.29186858995867e-34,1,-1,30,146
unigram,typo_10,150,9.717512635107376,1.269540216452985e-22,1,-1,30,136
unigram,typo_10,151,6.253887679764573,2.0017949942510606e-10,1,-1,30,147
unigram,typo_10,152,10.177004891982149,1.2558669709816086e-24,1,-1,30,151
unigram,typo_10,153,6.592203186882429,2.166734745401136e-11,1,-1,30,109
unigram,typo_10,154,8.773280079294956,8.676784362613286e-19,1,-1,30,158
unigram,typo_10,155,9.054025041832395,6.889660391577802e-20,1,-1,30,154
unigram,typo_10,156,4.180039147272101,1.4572945837525611e-05,1,-1,30,42
unigram,typo_10,157,10.400628679223047,1.2315137843609756e-25,1,-1,30,163
unigram,typo_10,158,9.15609759792614,2.6903995892245335e-20,1,-1,30,161
unigram,typo_10,159,9.336222391507677,4.99162621069278e-21,1,-1,30,158
unigram,typo_10,160,9.614915597224323,3.458302624011069e-22,1,-1,30,164
unigram,typo_10,161,9.287487590439852,7.898655073402578e-21,1,-1,30,157
unigram,typo_10,162,9.034278157007444,8.254418347937248e-20,1,-1,30,167
unigram,typo_10,163,10.400628679223047,1.2315137843609756e-25,1,-1,30,160
unigram,typo_10,164,9.38083151964686,3.272723270475586e-21,1,-1,30,150
unigram,typo_10,165,9.241848554584864,1.2113742477949345e-20,1,-1,30,171
unigram,typo_10,166,10.869035022949236,8.095207583654912e-28,1,-1,30,153
unigram,typo_10,167,9.945373183606236,1.3209098381404346e-23,1,-1,30,159
unigram,typo_10,168,9.149436874581474,2.861554726462336e-20,1,-1,30,171
unigram,typo_10,169,9.384891607056018,3.1490594022334207e-21,1,-1,30,163
unigram,typo_10,170,10.036632410713429,5.260230982214478e-24,1,-1,30,164
unigram,typo_10,171,8.82176452937646,5.633499342146514e-19,1,-1,30,163
unigram,typo_10,172,10.765022725740726,2.517456553739812e-27,1,-1,30,178
unigram,typo_10,173,10.137001231619204,1.892708904928357e-24,1,-1,30,156
unigram,typo_10,174,11.567034896476118,3.026941433507448e-31,1,-1,30,175
unigram,typo_10,175,10.22204461340447,7.898656625517399e-25,1,-1,30,165
unigram,typo_10,176,9.475142485638552,1.331984427876089e-21,1,-1,30,167
unigram,typo_10,177,9.475142485638552,1.331984427876089e-21,1,-1,30,164
unigram,typo_10,178,8.76812408671319,9.083378086190543e-19,1,-1,30,132
unigram,typo_10,179,10.064684413354724,3.957036900360236e-24,1,-1,30,148
unigram,typo_10,180,10.825669584428462,1.3008525913610779e-27,1,-1,30,172
unigram,typo_10,181,8.670162465128158,2.1575212615111638e-18,1,-1,30,145
unigram,typo_10,182,5.909090909090909,1.7200041644923805e-09,1,-1,30,101
unigram,typo_10,183,8.082102965782765,3.1829659506114336e-16,1,-1,30,153
unigram,typo_10,184,11.210809203204477,1.8043944659131878e-29,1,-1,30,172
unigram,typo_10,185,9.291228286772588,7.62589720549215e-21,1,-1,30,159
unigram,typo_10,186,10.227511429949674,7.465338830903208e-25,1,-1,19,148
unigram,typo_10,187,8.11147458237388,2.5004561364758026e-16,1,-1,30,163
unigram,typo_10,188,7.794228634059948,3.2401559215757805e-15,1,-1,30,165
unigram,typo_10,189,7.624928516630233,1.2208482594362616e-14,1,-1,30,106
unigram,typo_10,190,9.381096690919357,3.264501993459076e-21,1,-1,30,162
unigram,typo_10,191,4.807619738204116,7.636896927892896e-07,1,-1,30,170
unigram,typo_10,192,11.342268680626878,4.0508262238988446e-30,1,-1,30,161
unigram,typo_10,193,10.229240569923196,7.33324822938126e-25,1,-1,30,108
unigram,typo_10,194,10.660035817780521,7.826857323307195e-27,1,-1,30,162
unigram,typo_10,195,9.428207099385912,2.0857913058214538e-21,1,-1,30,155
unigram,typo_10,196,10.036632410713429,5.260230982214478e-24,1,-1,30,161
unigram,typo_10,197,11.221382770390683,1.6011187852066244e-29,1,-1,30,173
unigram,typo_10,198,8.541708512570859,6.612584625497898e-18,1,-1,30,161
unigram,typo_10,199,11.551631546563446,3.621609155303476e-31,1,-1,30,115
unigram,copypaste_50,0,2.917299829957891,0.0017653809589155865,0,-1,30,138
unigram,copypaste_50,1,4.401410432248218,5.377473188769566e-06,1,-1,30,114
unigram,copypaste_50,2,5.239956379316803,8.030727922124168e-08,1,-1,30,109
unigram,copypaste_50,3,3.6666666666666665,0.00012286638996515217,0,-1,30,107
unigram,copypaste_50,4,2.417468892076141,0.007814434914014179,0,-1,30,83
unigram,copypaste_50,5,4.190279412931978,1.3930557731628285e-05,1,-1,30,110
unigram,copypaste_50,6,4.546060565661953,2.732965685954827e-06,1,-1,30,132
unigram,copypaste_50,7,7.239596998858593,2.250099653611656e-13,1,-1,30,155
unigram,copypaste_50,8,2.5175440748900675,0.0059088091440082325,0,-1,30,112
unigram,copypaste_50,9,3.127716210856122,0.0008808509607169017,0,-1,30,79
unigram,copypaste_50,10,4.203173404306164,1.3159940152368281e-05,1,-1,30,119
unigram,copypaste_50,11,5.148697981926198,1.3115041509339462e-07,1,-1,30,84
unigram,copypaste_50,12,4.7280542884465016,1.1334079169040018e-06,1,-1,30,152
unigram,copypaste_50,13,4.36140549863198,6.461480528365305e-06,1,-1,30,155
unigram,copypaste_50,14,4.925937968028512,4.1978315725770076e-07,1,-1,30,157
unigram,copypaste_50,15,0.8574929257125441,0.19558626140506974,0,-1,30,106
unigram,copypaste_50,16,4.740464112299554,1.066146098481621e-06,1,-1,30,105
unigram,copypaste_50,17,4.6467017049401695,1.6864216605401703e-06,1,-1,30,73
unigram,copypaste_50,18,3.8988466275458475,4.8325983805519705e-05,0,-1,30,155
unigram,copypaste_50,19,3.357424678154905,0.00039336087604136276,0,-1,30,158
unigram,copypaste_50,20,7.5526322246702025,2.1327411620127055e-14,1,-1,30,124
unigram,copypaste_50,21,4.714285714285714,1.2128005713267247e-06,1,-1,30,170
unigram,copypaste_50,22,4.384062043356595,5.824328683599779e-06,1,-1,30,105
unigram,copypaste_50,23,5.940655749029464,1.419420992955616e-09,1,-1,30,126
unigram,copypaste_50,24,3.467380462644282,0.0002627787191364209,0,-1,30,128
unigram,copypaste_50,25,4.996102376957357,2.925030614340332e-07,1,-1,30,113
unigram,copypaste_50,26,6.691899028305943,1.1014642774942273e-11,1,-1,30,101
unigram,copypaste_50,27,2.5649458802128855,0.005159594954017452,0,-1,30,70
unigram,copypaste_50,28,6.864930642568265,3.3261782887587408e-12,1,-1,30,103
unigram,copypaste_50,29,3.298753309814903,0.0004855760751904408,0,-1,30,161
unigram,copypaste_50,30,5.702144409522791,5.915476528471667e-09,1,-1,30,126
unigram,copypaste_50,31,5.0457797264772015,2.2583776972409635e-07,1,-1,30,144
unigram,copypaste_50,32,3.0424349222966556,0.001173362771940643,0,-1,30,133
unigram,copypaste_50,33,3.872983346207417,5.375558836475012e-05,0,-1,30,92
unigram,copypaste_50,34,5.388159060803248,3.559152082357001e-08,1,-1,30,97
unigram,copypaste_50,35,5.864133329102651,2.2574229869960664e-09,1,-1,30,158
unigram,copypaste_50,36,3.846036921299638,6.002184095221167e-05,0,-1,30,103
unigram,copypaste_50,37,4.72455591261534,1.1530937996459978e-06,1,-1,30,94
unigram,copypaste_50,38,2.556038601690775,0.005293568667028473,0,-1,30,89
unigram,copypaste_50,39,4.003203845127178,3.124520697777097e-05,1,-1,30,127
unigram,copypaste_50,40,5.958762397937049,1.270776523701497e-09,1,-1,30,110
unigram,copypaste_50,41,3.843075691322091,6.075098782154066e-05,0,-1,30,119
unigram,copypaste_50,42,7.205766921228921,2.885902962329682e-13,1,-1,30,118
unigram,copypaste_50,43,5.102520385624567,1.67579815330387e-07,1,-1,30,75
unigram,copypaste_50,44,3.0772658671930357,0.0010445444044245552,0,-1,30,93
unigram,copypaste_50,45,5.76781731120474,4.015239410870659e-09,1,-1,30,82
unigram,copypaste_50,46,4.168252817524644,1.5347168963115387e-05,1,-1,30,157
unigram,copypaste_50,47,4.72455591261534,1.1530937996459978e-06,1,-1,30,97
unigram,copypaste_50,48,5.254938542453881,7.403695456562594e-08,1,-1,30,122
unigram,copypaste_50,49,5.520524474738834,1.6899465523831092e-08,1,-1,30,151
unigram,copypaste_50,50,4.656821913941336,1.6056399610777603e-06,1,-1,30,147
unigram,copypaste_50,51,4.51260859854213,3.2017563999193402e-06,1,-1,30,112
unigram,copypaste_50,52,6.559132733999383,2.7060806443662944e-11,1,-1,30,134
unigram,copypaste_50,53,3.6666666666666665,0.00012286638996515217,0,-1,30,125
unigram,copypaste_50,54,4.256282653793743,1.0392695164943135e-05,1,-1,30,111
unigram,copypaste_50,55,4.567501391955698,2.467862006346512e-06,1,-1,30,101
unigram,copypaste_50,56,5.24672182297103,7.741470186173145e-08,1,-1,30,152
unigram,copypaste_50,57,5.396628160770202,3.3952456162171146e-08,1,-1,30,147
unigram,copypaste_50,58,3.5821866323102554,0.0001703651109549072,0,-1,30,98
unigram,copypaste_50,59,4.6663898035258065,1.5326896045060619e-06,1,-1,30,107
unigram,copypaste_50,60,5.63178312189625,8.917794176799936e-09,1,-1,30,160
unigram,copypaste_50,61,3.3844564489065974,0.0003565966605934324,0,-1,30,101
unigram,copypaste_50,62,4.804938261204724,7.739963240141407e-07,1,-1,30,118
unigram,copypaste_50,63,4.123105625617661,1.868990920085077e-05,1,-1,30,133
unigram,copypaste_50,64,3.602551648259658,0.00015755438270506262,0,-1,30,148
unigram,copypaste_50,65,4.8074734780585135,7.642484453367554e-07,1,-1,30,131
unigram,copypaste_50,66,0.9135002783911397,0.18048974362174947,0,-1,30,100
unigram,copypaste_50,67,5.219701430050183,8.960590305264251e-08,1,-1,30,153
unigram,copypaste_50,68,2.7933040956366777,0.0026086310016948298,0,-1,30,127
unigram,copypaste_50,69,6.417436110981714,6.92942447606394e-11,1,-1,30,79
unigram,copypaste_50,70,2.9516097302997224,0.0015806110104534784,0,-1,30,105
unigram,copypaste_50,71,2.6098507150250914,0.004529087110736539,0,-1,30,79
unigram,copypaste_50,72,6.651078266361265,1.4547675050467762e-11,1,-1,30,115
unigram,copypaste_50,73,4.7439956266310475,1.0477168703085357e-06,1,-1,30,147
unigram,copypaste_50,74,3.8186749640435043,6.708520369316162e-05,0,-1,30,131
unigram,copypaste_50,75,3.6813241149433997,0.00011601291253318522,0,-1,30,112
unigram,copypaste_50,76,4.801960383990247,7.855989121188138e-07,1,-1,30,110
unigram,copypaste_50,77,6.571428571428571,2.4917395895492818e-11,1,-1,30,144
unigram,copypaste_50,78,1.7503798979747347,0.04002639117878968,0,-1,30,129
unigram,copypaste_50,79,5.76781731120474,4.015239410870659e-09,1,-1,30,85
unigram,copypaste_50,80,6.4031242374328485,7.611460981281523e-11,1,-1,30,118
unigram,copypaste_50,81,5.057932103671849,2.1191363538463666e-07,1,-1,30,106
unigram,copypaste_50,82,5.553324775158946,1.4014330805934591e-08,1,-1,30,119
unigram,copypaste_50,83,5.0709255283711,1.9794283829780118e-07,1,-1,30,105
unigram,copypaste_50,84,4.718142596956708,1.1900382528719458e-06,1,-1,30,145
unigram,copypaste_50,85,3.7481702853265455,8.906465272773146e-05,0,-1,30,140
unigram,copypaste_50,86,4.060517809103758,2.448200102177563e-05,1,-1,30,124
unigram,copypaste_50,87,3.6141013260645765,0.00015069559247319722,0,-1,30,93
unigram,copypaste_50,88,6.127946159842712,4.451034835094184e-10,1,-1,30,100
unigram,copypaste_50,89,4.3142094409955565,8.008752139307559e-06,1,-1,30,95
unigram,copypaste_50,90,6.651078266361265,1.4547675050467762e-11,1,-1,30,129
unigram,copypaste_50,91,5.514084530103633,1.753000365704619e-08,1,-1,30,164
unigram,copypaste_50,92,4.810702354423639,7.520042430045425e-07,1,-1,30,102
unigram,copypaste_50,93,6.554652570475014,2.7885784363773182e-11,1,-1,30,159
unigram,copypaste_50,94,4.199413184011237,1.3380380407710156e-05,1,-1,30,156
unigram,copypaste_50,95,5.3707505285863055,3.9204809267557804e-08,1,-1,30,111
unigram,copypaste_50,96,5.192034211302627,1.0400438429990011e-07,1,-1,30,145
unigram,copypaste_50,97,2.0,0.022750131948179195,0,-1,30,65
unigram,copypaste_50,98,3.597262640878851,0.00016079186367157848,0,-1,30,168
unigram,copypaste_50,99,4.170288281141495,1.5210728273669376e-05,1,-1,24,66
unigram,copypaste_50,100,1.113780197846022,0.1326867470853389,0,-1,30,121
unigram,copypaste_50,101,4.246912929417298,1.0836806940417829e-05,1,-1,30,153
unigram,copypaste_50,102,5.339332783810276,4.6644633867753786e-08,1,-1,30,86
unigram,copypaste_50,103,5.552176750308537,1.4106705343192057e-08,1,-1,30,119
unigram,copypaste_50,104,5.4272042023997455,2.8621812133695385e-08,1,-1,30,141
unigram,copypaste_50,105,1.979898987322333,0.023857440118675605,0,-1,18,25
unigram,copypaste_50,106,4.740464112299554,1.066146098481621e-06,1,-1,30,94
unigram,copypaste_50,107,2.6457513110645903,0.00407548579675135,0,-1,30,86
unigram,copypaste_50,108,4.475836523241377,3.8056354164002084e-06,1,-1,30,114
unigram,copypaste_50,109,5.084751798731267,1.8405356114789882e-07,1,-1,30,99
unigram,copypaste_50,110,7.1066767457745,5.943520161090395e-13,1,-1,30,145
unigram,copypaste_50,111,5.183210553488161,1.0904929317773489e-07,1,-1,30,113
unigram,copypaste_50,112,3.23575114464717,0.000606615526758997,0,-1,30,96
unigram,copypaste_50,113,4.361783721449792,6.450318177686155e-06,1,-1,30,136
unigram,copypaste_50,114,4.578350174744243,2.343288313979247e-06,1,-1,30,108
unigram,copypaste_50,115,6.379052256590135,8.909361663790051e-11,1,-1,30,98
unigram,copypaste_50,116,5.572230365282926,1.2574927824843746e-08,1,-1,30,164
unigram,copypaste_50,117,4.205955120960299,1.299909126742168e-05,1,-1,30,134
unigram,copypaste_50,118,5.202924421439472,9.80883332166086e-08,1,-1,30,116
unigram,copypaste_50,119,5.222329678670935,8.834302210939195e-08,1,-1,30,112
unigram,copypaste_50,120,1.5882027766319677,0.056120246728350885,0,-1,30,48
unigram,copypaste_50,121,5.217758139277826,9.055086433875868e-08,1,-1,30,139
unigram,copypaste_50,122,3.790490217894517,7.517512709674666e-05,0,-1,30,148
unigram,copypaste_50,123,5.196152422706632,1.0172773072722122e-07,1,-1,30,91
unigram,copypaste_50,124,4.432082653037581,4.666361327723974e-06,1,-1,30,119
unigram,copypaste_50,125,6.871645523098667,3.173275129878579e-12,1,-1,30,137
unigram,copypaste_50,126,4.406148138015949,5.261250714717091e-06,1,-1,30,150
unigram,copypaste_50,127,4.37286533288097,6.1313185791640955e-06,1,-1,30,128
unigram,copypaste_50,128,4.460761787175497,4.083441452969104e-06,1,-1,30,127
unigram,copypaste_50,129,5.642447102306373,8.382502663279706e-09,1,-1,30,141
unigram,copypaste_50,130,5.4097895323949645,3.154943025214296e-08,1,-1,30,117
unigram,copypaste_50,131,5.940655749029464,1.419420992955616e-09,1,-1,30,120
unigram,copypaste_50,132,4.447495899966607,4.343855838500023e-06,1,-1,30,152
unigram,copypaste_50,133,2.6293856820079102,0.004276964317580428,0,-1,30,104
unigram,copypaste_50,134,3.2139708988333244,0.0006545647032206844,0,-1,30,126
unigram,copypaste_50,135,4.4856869354912625,3.633969606566176e-06,1,-1,30,87
unigram,copypaste_50,136,4.596194077712559,2.1513897318375606e-06,1,-1,30,74
unigram,copypaste_50,137,5.126867290258304,1.4730151130651502e-07,1,-1,30,122
unigram,copypaste_50,138,4.593143770552985,2.1830901811229695e-06,1,-1,30,123
unigram,copypaste_50,139,3.174055271363692,0.0007516253106167573,0,-1,30,135
unigram,copypaste_50,140,5.724196306702298,5.196226410059752e-09,1,-1,30,113
unigram,copypaste_50,141,4.7389940405247435,1.0739091021091825e-06,1,-1,30,124
unigram,copypaste_50,142,0.3651483716701107,0.35750032734404463,0,-1,28,21
unigram,copypaste_50,143,6.666666666666667,1.3083924686052994e-11,1,-1,30,94
unigram,copypaste_50,144,5.339380304485545,4.663241021579902e-08,1,-1,30,128
unigram,copypaste_50,145,6.00832755431992,9.372342252032705e-10,1,-1,30,130
unigram,copypaste_50,146,2.256304299271065,0.012025790166268136,0,-1,30,124
unigram,copypaste_50,147,4.925182813112043,4.2140760455547553e-07,1,-1,30,166
unigram,copypaste_50,148,5.940885257860046,1.4174349652440806e-09,1,-1,30,79
unigram,copypaste_50,149,6.532795676801679,3.227659231558399e-11,1,-1,30,74
unigram,copypaste_50,150,5.480077554195743,2.125697204124557e-08,1,-1,30,92
unigram,copypaste_50,151,3.2716515254078793,0.000534606377459684,0,-1,30,77
unigram,copypaste_50,152,4.409081537009721,5.190496920021147e-06,1,-1,30,125
unigram,copypaste_50,153,4.595745763298828,2.1560210520096705e-06,1,-1,30,140
unigram,copypaste_50,154,3.7917338394172706,7.479959821433216e-05,0,-1,30,143
unigram,copypaste_50,155,5.996253511966891,1.0096085875617664e-09,1,-1,30,140
unigram,copypaste_50,156,1.7529196424044293,0.03980790073005672,0,-1,30,42
unigram,copypaste_50,157,5.0585405491415845,2.1123870987324894e-07,1,-1,30,165
unigram,copypaste_50,158,5.316609037562519,5.285944069186311e-08,1,-1,30,147
unigram,copypaste_50,159,3.4008006448743817,0.00033594403741978794,0,-1,30,150
unigram,copypaste_50,160,4.281360678695938,9.287700223040928e-06,1,-1,30,146
unigram,copypaste_50,161,5.076479311672102,1.9224632052487197e-07,1,-1,30,91
unigram,copypaste_50,162,5.813776741499453,3.0539431798547487e-09,1,-1,30,145
unigram,copypaste_50,163,5.513619500836088,1.7576407886634774e-08,1,-1,30,149
unigram,copypaste_50,164,5.363390480545726,4.083709013656884e-08,1,-1,30,74
unigram,copypaste_50,165,5.131156509334681,1.4398366930335028e-07,1,-1,30,111
unigram,copypaste_50,166,5.0518148554092255,2.1881590110821598e-07,1,-1,30,143
unigram,copypaste_50,167,5.572230365282926,1.2574927824843746e-08,1,-1,30,148
unigram,copypaste_50,168,3.9946282949385825,3.239791383620942e-05,0,-1,30,144
unigram,copypaste_50,169,5.316456139417774,5.2903856020443917e-08,1,-1,30,110
unigram,copypaste_50,170,5.091192924921723,1.779088786808184e-07,1,-1,30,142
unigram,copypaste_50,171,4.7088410843371955,1.2456460193955972e-06,1,-1,30,134
unigram,copypaste_50,172,4.941858488253086,3.8690687374244947e-07,1,-1,30,141
unigram,copypaste_50,173,6.207574452435047,2.6904309428358256e-10,1,-1,30,87
unigram,copypaste_50,174,7.118684968143743,5.448081907742924e-13,1,-1,30,80
unigram,copypaste_50,175,5.65270025158138,7.897330736936952e-09,1,-1,30,121
unigram,copypaste_50,176,5.408326913195984,3.180811320564682e-08,1,-1,30,166
unigram,copypaste_50,177,4.438772657244647,4.523665953533943e-06,1,-1,30,114
unigram,copypaste_50,178,4.902903378454601,4.721521930561704e-07,1,-1,30,80
unigram,copypaste_50,179,5.600161519565853,1.0707608631483088e-08,1,-1,30,133
unigram,copypaste_50,180,5.1237033919420165,1.4979607180785783e-07,1,-1,30,93
unigram,copypaste_50,181,3.3333333333333335,0.0004290603331968372,0,-1,30,101
unigram,copypaste_50,182,3.9421098266102974,4.0383987369870105e-05,0,-1,30,145
unigram,copypaste_50,183,4.965095559306334,3.4333625337618413e-07,1,-1,30,133
unigram,copypaste_50,184,5.958762397937049,1.270776523701497e-09,1,-1,30,112
unigram,copypaste_50,185,5.306789158538745,5.5786553404398253e-08,1,-1,30,154
unigram,copypaste_50,186,6.037383539249432,7.831656460511067e-10,1,-1,19,62
unigram,copypaste_50,187,5.222329678670935,8.834302210939195e-08,1,-1,30,117
unigram,copypaste_50,188,4.053011298379924,2.5281279751926347e-05,1,-1,30,151
unigram,copypaste_50,189,3.872983346207417,5.375558836475012e-05,0,-1,30,90
unigram,copypaste_50,190,4.8074734780585135,7.642484453367554e-07,1,-1,30,133
unigram,copypaste_50,191,4.217248532536965,1.2365068093582474e-05,1,-1,30,111
unigram,copypaste_50,192,4.596194077712559,2.1513897318375606e-06,1,-1,30,98
unigram,copypaste_50,193,5.722930891116555,5.235093189307252e-09,1,-1,30,89
unigram,copypaste_50,194,6.198493348948139,2.8503107132553533e-10,1,-1,30,146
unigram,copypaste_50,195,3.938354770443153,4.1021114058207946e-05,0,-1,30,137
unigram,copypaste_50,196,6.286185570937122,1.6268050041780474e-10,1,-1,30,103
unigram,copypaste_50,197,5.904737232740294,1.7660463372630824e-09,1,-1,30,152
unigram,copypaste_50,198,4.67900435573705,1.4413565977697233e-06,1,-1,30,129
unigram,copypaste_50,199,6.740938478604225,7.8683417408293e-12,1,-1,30,86
unigram,paraphrase,0,3.0251050401930977,0.0012427339549726212,0,-1,30,96
unigram,paraphrase,1,7.031441990842862,1.0220492460149906e-12,1,-1,30,111
unigram,paraphrase,2,7.340596279696671,1.0632216943899067e-13,1,-1,30,124
